{"cameraMode":{"drawMode":0,"name":"Shaded","section":"Shading Mode"},"sceneLighting":true,"audioPlay":false,"sceneViewState":{"m_AlwaysRefresh":false,"showFog":true,"showSkybox":true,"showFlares":true,"showImageEffects":true,"showParticleSystems":true,"showVisualEffectGraphs":true,"m_FxEnabled":true},"in2DMode":false,"pivot":{"x":934.2877197265625,"y":490.25030517578127,"z":-158.57101440429688},"rotation":{"x":-0.009856334887444973,"y":-0.24932101368904115,"z":-0.0025871959514915945,"w":0.968313455581665},"size":153.09242248535157,"orthographic":false}